{
  "GET All Activities" : {
    "transaction" : "GET All Activities",
    "sampleCount" : 8880,
    "errorCount" : 0,
    "errorPct" : 0.0,
    "meanResTime" : 6.388738738738744,
    "medianResTime" : 7.0,
    "minResTime" : 1.0,
    "maxResTime" : 730.0,
    "pct1ResTime" : 9.0,
    "pct2ResTime" : 10.0,
    "pct3ResTime" : 18.0,
    "throughput" : 148.94330761489434,
    "receivedKBytesPerSec" : 451.7690162697082,
    "sentKBytesPerSec" : 30.399561808118083
  },
  "Total" : {
    "transaction" : "Total",
    "sampleCount" : 17760,
    "errorCount" : 0,
    "errorPct" : 0.0,
    "meanResTime" : 6.589301801801798,
    "medianResTime" : 7.0,
    "minResTime" : 1.0,
    "maxResTime" : 936.0,
    "pct1ResTime" : 9.0,
    "pct2ResTime" : 10.0,
    "pct3ResTime" : 18.0,
    "throughput" : 297.2882490793438,
    "receivedKBytesPerSec" : 520.4658991044527,
    "sentKBytesPerSec" : 98.34608825744894
  },
  "POST Create Book" : {
    "transaction" : "POST Create Book",
    "sampleCount" : 8880,
    "errorCount" : 0,
    "errorPct" : 0.0,
    "meanResTime" : 6.789864864864852,
    "medianResTime" : 7.0,
    "minResTime" : 1.0,
    "maxResTime" : 936.0,
    "pct1ResTime" : 9.0,
    "pct2ResTime" : 11.0,
    "pct3ResTime" : 19.0,
    "throughput" : 150.14710358121133,
    "receivedKBytesPerSec" : 70.3081407882723,
    "sentKBytesPerSec" : 68.69523244902099
  }
}