{
  "GET All Activities" : {
    "transaction" : "GET All Activities",
    "sampleCount" : 4,
    "errorCount" : 0,
    "errorPct" : 0.0,
    "meanResTime" : 3104.5,
    "medianResTime" : 3030.0,
    "minResTime" : 3.0,
    "maxResTime" : 6355.0,
    "pct1ResTime" : 6355.0,
    "pct2ResTime" : 6355.0,
    "pct3ResTime" : 6355.0,
    "throughput" : 0.6009615384615385,
    "receivedKBytesPerSec" : 1.8245990459735577,
    "sentKBytesPerSec" : 0.12265718900240385
  },
  "Total" : {
    "transaction" : "Total",
    "sampleCount" : 8,
    "errorCount" : 0,
    "errorPct" : 0.0,
    "meanResTime" : 1624.3749999999998,
    "medianResTime" : 142.5,
    "minResTime" : 3.0,
    "maxResTime" : 6355.0,
    "pct1ResTime" : 6355.0,
    "pct2ResTime" : 6355.0,
    "pct3ResTime" : 6355.0,
    "throughput" : 1.2004801920768307,
    "receivedKBytesPerSec" : 2.1001076211734695,
    "sentKBytesPerSec" : 0.3937610200330132
  },
  "POST Create Book" : {
    "transaction" : "POST Create Book",
    "sampleCount" : 4,
    "errorCount" : 0,
    "errorPct" : 0.0,
    "meanResTime" : 144.25,
    "medianResTime" : 142.5,
    "minResTime" : 4.0,
    "maxResTime" : 288.0,
    "pct1ResTime" : 288.0,
    "pct2ResTime" : 288.0,
    "pct3ResTime" : 288.0,
    "throughput" : 13.071895424836601,
    "receivedKBytesPerSec" : 6.0476664624183005,
    "sentKBytesPerSec" : 5.907245710784314
  }
}